repeat,split_seed,encoding,encoding_order,k_values,theoretical_features,train_seen_features,model,model_order,train_size,test_size,AUROC,fit_seconds
1,42,1-2mer,5,1-2,20,20,Random Forest,1,11752,2939,0.6768104772961235,6.185287433676422
1,42,1-2mer,5,1-2,20,20,SVM,2,11752,2939,0.6145366049758421,19.67937503848225
1,42,1-2mer,5,1-2,20,20,XGBoost,0,11752,2939,0.6379829692748136,0.3604116411879658
1,42,1-3mer,6,1-2-3,84,84,Random Forest,1,11752,2939,0.7725867034106535,6.403701254166663
1,42,1-3mer,6,1-2-3,84,84,SVM,2,11752,2939,0.6582837402222673,39.37464583385736
1,42,1-3mer,6,1-2-3,84,84,XGBoost,0,11752,2939,0.6935589538107798,0.4537365548312664
1,42,1-4mer,7,1-2-3-4,340,340,Random Forest,1,11752,2939,0.8128188799471008,6.273172902874649
1,42,1-4mer,7,1-2-3-4,340,340,SVM,2,11752,2939,0.6933882426756235,58.62324689049274
1,42,1-4mer,7,1-2-3-4,340,340,XGBoost,0,11752,2939,0.7261605539400223,0.5901496736332774
1,42,1-7mer,8,1-2-3-4-5-6-7,21844,20229,Random Forest,1,11752,2939,0.8504438959145795,6.436255027540028
1,42,1-7mer,8,1-2-3-4-5-6-7,21844,20229,SVM,2,11752,2939,0.8035643170051772,102.6462698513642
1,42,1-7mer,8,1-2-3-4-5-6-7,21844,20229,XGBoost,0,11752,2939,0.7419939530217984,3.7759830122813582
1,42,1-mer,0,1,4,4,Random Forest,1,11752,2939,0.5329183667335422,5.586779077537358
1,42,1-mer,0,1,4,4,SVM,2,11752,2939,0.5491636328456677,11.26969469897449
1,42,1-mer,0,1,4,4,XGBoost,0,11752,2939,0.5566030691373053,0.2820793678984046
1,42,2-mer,1,2,16,16,Random Forest,1,11752,2939,0.6952052478528437,6.117523602209985
1,42,2-mer,1,2,16,16,SVM,2,11752,2939,0.6410886439289767,18.776201218366623
1,42,2-mer,1,2,16,16,XGBoost,0,11752,2939,0.6468096977074458,0.302185969427228
1,42,3-mer,2,3,64,64,Random Forest,1,11752,2939,0.7882369461163334,5.9752309480682015
1,42,3-mer,2,3,64,64,SVM,2,11752,2939,0.7219780137207608,27.392845689319078
1,42,3-mer,2,3,64,64,XGBoost,0,11752,2939,0.6876617881322183,0.3579927645623684
1,42,4-mer,3,4,256,256,Random Forest,1,11752,2939,0.831289730844661,5.9610114227980375
1,42,4-mer,3,4,256,256,SVM,2,11752,2939,0.7975976458300459,28.982644031755623
1,42,4-mer,3,4,256,256,XGBoost,0,11752,2939,0.7083089124831872,0.3918912354856729
1,42,7-mer,4,7,16384,14773,Random Forest,1,11752,2939,0.8495685023631868,6.401227533817291
1,42,7-mer,4,7,16384,14773,SVM,2,11752,2939,0.8532367958341787,27.240463806316257
1,42,7-mer,4,7,16384,14773,XGBoost,0,11752,2939,0.697610231960506,1.3690874269232154
2,43,1-2mer,5,1-2,20,20,Random Forest,1,11752,2939,0.675608454874026,6.160654035396874
2,43,1-2mer,5,1-2,20,20,SVM,2,11752,2939,0.6214857457376224,19.60396363865584
2,43,1-2mer,5,1-2,20,20,XGBoost,0,11752,2939,0.655212818316389,0.3832360710948705
2,43,1-3mer,6,1-2-3,84,84,Random Forest,1,11752,2939,0.7762768347572567,6.204309246502817
2,43,1-3mer,6,1-2-3,84,84,SVM,2,11752,2939,0.6697211514618697,39.79765472561121
2,43,1-3mer,6,1-2-3,84,84,XGBoost,0,11752,2939,0.7106920587152379,0.4584854282438755
2,43,1-4mer,7,1-2-3-4,340,340,Random Forest,1,11752,2939,0.8199544645071123,6.207524953410029
2,43,1-4mer,7,1-2-3-4,340,340,SVM,2,11752,2939,0.7063566533666961,57.98348654527217
2,43,1-4mer,7,1-2-3-4,340,340,XGBoost,0,11752,2939,0.7340759619936431,0.5858087465167046
2,43,1-7mer,8,1-2-3-4-5-6-7,21844,20239,Random Forest,1,11752,2939,0.8497803062750313,6.525551091879606
2,43,1-7mer,8,1-2-3-4-5-6-7,21844,20239,SVM,2,11752,2939,0.7980705649857608,102.06758567504583
2,43,1-7mer,8,1-2-3-4-5-6-7,21844,20239,XGBoost,0,11752,2939,0.7551800380213851,3.700974606908858
2,43,1-mer,0,1,4,4,Random Forest,1,11752,2939,0.5083232832142347,5.548206659033895
2,43,1-mer,0,1,4,4,SVM,2,11752,2939,0.559180642907058,10.918758819811046
2,43,1-mer,0,1,4,4,XGBoost,0,11752,2939,0.5588237227895374,0.3095204951241612
2,43,2-mer,1,2,16,16,Random Forest,1,11752,2939,0.6834926324173636,6.19325431343168
2,43,2-mer,1,2,16,16,SVM,2,11752,2939,0.6476606704086922,18.50582792237401
2,43,2-mer,1,2,16,16,XGBoost,0,11752,2939,0.6490683915300978,0.3753264863044023
2,43,3-mer,2,3,64,64,Random Forest,1,11752,2939,0.7978622833119181,6.134517534635961
2,43,3-mer,2,3,64,64,SVM,2,11752,2939,0.7333895952150161,27.144773012958467
2,43,3-mer,2,3,64,64,XGBoost,0,11752,2939,0.697791040177934,0.3796402383595705
2,43,4-mer,3,4,256,256,Random Forest,1,11752,2939,0.8315705706213417,5.812448559328914
2,43,4-mer,3,4,256,256,SVM,2,11752,2939,0.7946995484021249,28.69750860705972
2,43,4-mer,3,4,256,256,XGBoost,0,11752,2939,0.7134640600226927,0.415810203179717
2,43,7-mer,4,7,16384,14784,Random Forest,1,11752,2939,0.8460671629734826,6.511863453313708
2,43,7-mer,4,7,16384,14784,SVM,2,11752,2939,0.8446101305200515,26.57855096273124
2,43,7-mer,4,7,16384,14784,XGBoost,0,11752,2939,0.6897194795728981,1.41521945502609
3,44,1-2mer,5,1-2,20,20,Random Forest,1,11752,2939,0.6898622476199063,6.20325468853116
3,44,1-2mer,5,1-2,20,20,SVM,2,11752,2939,0.6211941044310694,19.070802440866828
3,44,1-2mer,5,1-2,20,20,XGBoost,0,11752,2939,0.6461799215527153,0.3688892284408211
3,44,1-3mer,6,1-2-3,84,84,Random Forest,1,11752,2939,0.7793275624985911,6.417140319943428
3,44,1-3mer,6,1-2-3,84,84,SVM,2,11752,2939,0.6654831946980455,39.2848241655156
3,44,1-3mer,6,1-2-3,84,84,XGBoost,0,11752,2939,0.6973054409654126,0.4347669137641787
3,44,1-4mer,7,1-2-3-4,340,340,Random Forest,1,11752,2939,0.8212567533043289,6.13426261022687
3,44,1-4mer,7,1-2-3-4,340,340,SVM,2,11752,2939,0.7098333370903871,57.79679078608751
3,44,1-4mer,7,1-2-3-4,340,340,XGBoost,0,11752,2939,0.7295315705236582,0.5765534481033683
3,44,1-7mer,8,1-2-3-4-5-6-7,21844,20236,Random Forest,1,11752,2939,0.8529622960859014,6.483846629969776
3,44,1-7mer,8,1-2-3-4-5-6-7,21844,20236,SVM,2,11752,2939,0.8061684249678773,102.33814485929906
3,44,1-7mer,8,1-2-3-4-5-6-7,21844,20236,XGBoost,0,11752,2939,0.736243077628247,3.7077903235331178
3,44,1-mer,0,1,4,4,Random Forest,1,11752,2939,0.5214149722353719,5.566185597330332
3,44,1-mer,0,1,4,4,SVM,2,11752,2939,0.5593490058835464,10.472918587736784
3,44,1-mer,0,1,4,4,XGBoost,0,11752,2939,0.5492284420249017,0.3370375707745552
3,44,2-mer,1,2,16,16,Random Forest,1,11752,2939,0.6931820743445818,6.042337311431766
3,44,2-mer,1,2,16,16,SVM,2,11752,2939,0.6457891879503768,18.135597442276776
3,44,2-mer,1,2,16,16,XGBoost,0,11752,2939,0.6509485621754845,0.3654747633263469
3,44,3-mer,2,3,64,64,Random Forest,1,11752,2939,0.8007357250738261,6.237289258278906
3,44,3-mer,2,3,64,64,SVM,2,11752,2939,0.7320112260769595,26.93574906233698
3,44,3-mer,2,3,64,64,XGBoost,0,11752,2939,0.6858722564114125,0.373602575622499
3,44,4-mer,3,4,256,256,Random Forest,1,11752,2939,0.8337034031393942,5.8510884484276175
3,44,4-mer,3,4,256,256,SVM,2,11752,2939,0.7993254209778861,29.177210573107004
3,44,4-mer,3,4,256,256,XGBoost,0,11752,2939,0.7147015396406753,0.4217203948646784
3,44,7-mer,4,7,16384,14780,Random Forest,1,11752,2939,0.8582714828340208,7.0004553673788905
3,44,7-mer,4,7,16384,14780,SVM,2,11752,2939,0.8504340336481744,26.91936685424298
3,44,7-mer,4,7,16384,14780,XGBoost,0,11752,2939,0.7035076324549341,1.2254941212013364
